Window_Index, intron_GC_percentage, exon_GC_percentage
0,54.0,62.0
1,54.0,62.0
2,56.00000000000001,64.0
3,56.00000000000001,64.0
4,57.99999999999999,64.0
5,57.99999999999999,66.0
6,57.99999999999999,66.0
7,57.99999999999999,68.0
8,57.99999999999999,66.0
9,56.00000000000001,66.0
10,56.00000000000001,64.0
11,54.0,66.0
12,54.0,68.0
13,52.0,68.0
14,52.0,68.0
15,52.0,66.0
16,52.0,66.0
17,54.0,66.0
18,54.0,68.0
19,54.0,68.0
20,56.00000000000001,68.0
21,56.00000000000001,66.0
22,57.99999999999999,68.0
23,60.0,68.0
24,57.99999999999999,68.0
25,57.99999999999999,68.0
26,56.00000000000001,68.0
27,56.00000000000001,68.0
28,54.0,68.0
29,54.0,68.0
30,56.00000000000001,68.0
31,56.00000000000001,68.0
32,56.00000000000001,68.0
33,56.00000000000001,66.0
34,57.99999999999999,64.0
35,57.99999999999999,66.0
36,60.0,68.0
37,60.0,66.0
38,60.0,66.0
39,60.0,68.0
40,62.0,66.0
41,62.0,66.0
42,62.0,68.0
43,62.0,68.0
44,60.0,66.0
45,60.0,66.0
46,62.0,64.0
47,62.0,66.0
48,64.0,64.0
49,64.0,64.0
50,62.0,64.0
51,62.0,64.0
52,60.0,62.0
53,62.0,60.0
54,62.0,62.0
55,62.0,62.0
56,62.0,64.0
57,62.0,62.0
58,62.0,64.0
59,62.0,66.0
60,62.0,66.0
61,62.0,64.0
62,64.0,62.0
63,66.0,62.0
64,68.0,64.0
65,66.0,66.0
66,68.0,64.0
67,66.0,64.0
68,64.0,64.0
69,64.0,64.0
70,64.0,62.0
71,64.0,64.0
72,64.0,62.0
73,64.0,62.0
74,66.0,60.0
75,66.0,62.0
76,68.0,62.0
77,68.0,62.0
78,70.0,60.0
79,68.0,60.0
80,68.0,60.0
81,68.0,60.0
82,70.0,62.0
83,68.0,64.0
84,66.0,66.0
85,66.0,64.0
86,66.0,64.0
87,64.0,64.0
88,64.0,64.0
89,64.0,62.0
90,64.0,64.0
91,62.0,64.0
92,60.0,64.0
93,60.0,62.0
94,62.0,62.0
95,62.0,62.0
96,60.0,64.0
97,57.99999999999999,62.0
98,57.99999999999999,64.0
99,56.00000000000001,64.0
100,57.99999999999999,62.0
101,57.99999999999999,62.0
102,60.0,64.0
103,57.99999999999999,66.0
104,56.00000000000001,66.0
105,56.00000000000001,66.0
106,54.0,64.0
107,54.0,66.0
108,54.0,64.0
109,54.0,64.0
110,54.0,64.0
111,54.0,66.0
112,54.0,66.0
113,54.0,64.0
114,52.0,64.0
115,54.0,64.0
116,52.0,64.0
117,52.0,62.0
118,54.0,62.0
119,56.00000000000001,62.0
120,54.0,64.0
121,52.0,62.0
122,50.0,64.0
123,50.0,64.0
124,48.0,64.0
125,48.0,64.0
126,48.0,64.0
127,50.0,64.0
128,50.0,66.0
129,50.0,68.0
130,50.0,68.0
131,48.0,66.0
132,48.0,66.0
133,50.0,64.0
134,50.0,64.0
135,50.0,64.0
136,50.0,64.0
137,52.0,64.0
138,52.0,64.0
139,52.0,64.0
140,50.0,64.0
141,50.0,64.0
142,52.0,62.0
143,50.0,62.0
144,48.0,62.0
145,48.0,62.0
146,48.0,60.0
147,48.0,60.0
148,48.0,57.99999999999999
149,50.0,56.00000000000001
150,50.0,56.00000000000001
151,50.0,56.00000000000001
152,48.0,54.0
153,48.0,54.0
154,50.0,52.0
155,48.0,52.0
156,48.0,54.0
157,48.0,52.0
158,48.0,52.0
159,50.0,50.0
160,50.0,52.0
161,52.0,52.0
162,52.0,52.0
163,50.0,52.0
164,50.0,50.0
165,50.0,50.0
166,52.0,50.0
167,54.0,50.0
168,52.0,50.0
169,50.0,48.0
170,52.0,46.0
171,52.0,48.0
172,54.0,48.0
173,52.0,46.0
174,52.0,48.0
175,52.0,46.0
176,52.0,44.0
177,50.0,42.0
178,48.0,40.0
179,50.0,40.0
180,48.0,38.0
181,48.0,38.0
182,48.0,38.0
183,48.0,40.0
184,50.0,38.0
185,50.0,38.0
186,48.0,38.0
187,46.0,38.0
188,48.0,38.0
189,48.0,38.0
190,50.0,38.0
191,50.0,38.0
192,50.0,40.0
193,50.0,42.0
194,52.0,44.0
195,52.0,42.0
196,52.0,42.0
197,54.0,44.0
198,52.0,46.0
199,52.0,48.0
200,52.0,50.0
201,50.0,48.0
202,52.0,50.0
203,54.0,50.0
204,52.0,52.0
205,52.0,50.0
206,52.0,48.0
207,54.0,50.0
208,54.0,52.0
209,54.0,52.0
210,56.00000000000001,50.0
211,54.0,48.0
212,52.0,50.0
213,54.0,52.0
214,56.00000000000001,52.0
215,54.0,50.0
216,52.0,52.0
217,52.0,52.0
218,52.0,50.0
219,54.0,50.0
220,54.0,50.0
221,56.00000000000001,50.0
222,56.00000000000001,48.0
223,57.99999999999999,48.0
224,60.0,48.0
225,62.0,50.0
226,60.0,50.0
227,60.0,52.0
228,60.0,52.0
229,57.99999999999999,52.0
230,60.0,54.0
231,62.0,56.00000000000001
232,62.0,56.00000000000001
233,60.0,56.00000000000001
234,57.99999999999999,57.99999999999999
235,57.99999999999999,57.99999999999999
236,57.99999999999999,57.99999999999999
237,57.99999999999999,60.0
238,57.99999999999999,57.99999999999999
239,56.00000000000001,57.99999999999999
240,54.0,56.00000000000001
241,54.0,54.0
242,54.0,52.0
243,56.00000000000001,52.0
244,54.0,50.0
245,54.0,50.0
246,54.0,52.0
247,52.0,50.0
248,54.0,48.0
249,54.0,46.0
250,52.0,46.0
251,54.0,48.0
252,54.0,46.0
253,54.0,44.0
254,56.00000000000001,44.0
255,57.99999999999999,44.0
256,57.99999999999999,46.0
257,57.99999999999999,44.0
258,57.99999999999999,44.0
259,56.00000000000001,44.0
260,56.00000000000001,44.0
261,57.99999999999999,46.0
262,60.0,44.0
263,60.0,44.0
264,60.0,46.0
265,60.0,48.0
266,60.0,46.0
267,60.0,48.0
268,62.0,50.0
269,62.0,50.0
270,60.0,52.0
271,57.99999999999999,52.0
272,56.00000000000001,52.0
273,56.00000000000001,54.0
274,56.00000000000001,52.0
275,56.00000000000001,50.0
276,56.00000000000001,52.0
277,57.99999999999999,50.0
278,57.99999999999999,50.0
279,57.99999999999999,50.0
280,56.00000000000001,50.0
281,54.0,48.0
282,52.0,48.0
283,52.0,48.0
284,52.0,48.0
285,50.0,48.0
286,52.0,48.0
287,52.0,46.0
288,50.0,46.0
289,52.0,46.0
290,54.0,48.0
291,54.0,50.0
292,54.0,52.0
293,52.0,50.0
294,52.0,52.0
295,50.0,52.0
296,52.0,52.0
297,54.0,54.0
298,52.0,56.00000000000001
299,50.0,56.00000000000001
300,50.0,56.00000000000001
301,50.0,56.00000000000001
302,48.0,56.00000000000001
303,48.0,57.99999999999999
304,48.0,57.99999999999999
305,46.0,60.0
306,48.0,60.0
307,46.0,62.0
308,46.0,62.0
309,46.0,64.0
310,46.0,64.0
311,44.0,64.0
312,44.0,66.0
313,42.0,66.0
314,40.0,66.0
315,40.0,66.0
316,40.0,68.0
317,40.0,66.0
318,40.0,66.0
319,38.0,68.0
320,38.0,66.0
321,40.0,66.0
322,40.0,68.0
323,40.0,66.0
324,40.0,68.0
325,38.0,70.0
326,38.0,68.0
327,36.0,70.0
328,38.0,72.0
329,38.0,70.0
330,38.0,70.0
331,38.0,72.0
332,40.0,70.0
333,40.0,68.0
334,42.0,68.0
335,42.0,68.0
336,40.0,68.0
337,42.0,70.0
338,42.0,72.0
339,42.0,74.0
340,40.0,74.0
341,40.0,74.0
342,38.0,74.0
343,40.0,76.0
344,42.0,76.0
345,42.0,78.0
346,42.0,78.0
347,40.0,76.0
348,40.0,76.0
349,40.0,78.0
350,40.0,76.0
351,38.0,76.0
352,38.0,78.0
353,36.0,76.0
354,34.0,76.0
355,34.0,76.0
356,34.0,76.0
357,34.0,76.0
358,34.0,76.0
359,36.0,76.0
360,36.0,76.0
361,38.0,76.0
362,36.0,76.0
363,36.0,74.0
364,38.0,74.0
365,40.0,74.0
366,42.0,74.0
367,40.0,76.0
368,38.0,76.0
369,40.0,76.0
370,42.0,76.0
371,40.0,76.0
372,40.0,74.0
373,40.0,76.0
374,38.0,74.0
375,40.0,72.0
376,40.0,74.0
377,40.0,72.0
378,38.0,70.0
379,38.0,72.0
380,40.0,70.0
381,40.0,70.0
382,40.0,70.0
383,42.0,72.0
384,42.0,72.0
385,44.0,74.0
386,46.0,72.0
387,44.0,70.0
388,46.0,70.0
389,46.0,70.0
390,46.0,70.0
391,46.0,68.0
392,46.0,68.0
393,46.0,66.0
394,46.0,64.0
395,48.0,62.0
396,46.0,60.0
397,46.0,62.0
398,46.0,62.0
399,46.0,60.0
400,48.0,60.0
401,48.0,60.0
402,48.0,60.0
403,50.0,60.0
404,50.0,60.0
405,50.0,60.0
406,48.0,60.0
407,48.0,60.0
408,48.0,57.99999999999999
409,48.0,57.99999999999999
410,48.0,60.0
411,48.0,57.99999999999999
412,50.0,56.00000000000001
413,50.0,57.99999999999999
414,50.0,57.99999999999999
415,48.0,57.99999999999999
416,46.0,56.00000000000001
417,48.0,54.0
418,50.0,52.0
419,50.0,52.0
420,50.0,54.0
421,52.0,54.0
422,54.0,54.0
423,52.0,54.0
424,54.0,54.0
425,54.0,56.00000000000001
426,56.00000000000001,56.00000000000001
427,57.99999999999999,57.99999999999999
428,57.99999999999999,60.0
429,57.99999999999999,57.99999999999999
430,57.99999999999999,57.99999999999999
431,60.0,57.99999999999999
432,57.99999999999999,57.99999999999999
433,57.99999999999999,56.00000000000001
434,57.99999999999999,56.00000000000001
435,56.00000000000001,56.00000000000001
436,54.0,56.00000000000001
437,54.0,56.00000000000001
438,54.0,54.0
439,54.0,54.0
440,54.0,52.0
441,56.00000000000001,54.0
442,57.99999999999999,54.0
443,57.99999999999999,56.00000000000001
444,56.00000000000001,56.00000000000001
445,56.00000000000001,57.99999999999999
446,56.00000000000001,57.99999999999999
447,56.00000000000001,57.99999999999999
448,57.99999999999999,57.99999999999999
449,57.99999999999999,60.0
450,56.00000000000001,60.0
451,57.99999999999999,57.99999999999999
452,60.0,57.99999999999999
453,60.0,57.99999999999999
454,62.0,57.99999999999999
455,62.0,56.00000000000001
456,64.0,56.00000000000001
457,66.0,54.0
458,64.0,56.00000000000001
459,62.0,54.0
460,60.0,54.0
461,60.0,54.0
462,57.99999999999999,54.0
463,60.0,54.0
464,60.0,54.0
465,60.0,52.0
466,60.0,54.0
467,60.0,56.00000000000001
468,60.0,56.00000000000001
469,57.99999999999999,54.0
470,57.99999999999999,54.0
471,57.99999999999999,52.0
472,56.00000000000001,54.0
473,57.99999999999999,54.0
474,57.99999999999999,56.00000000000001
475,57.99999999999999,56.00000000000001
476,56.00000000000001,54.0
477,54.0,54.0
478,56.00000000000001,54.0
479,56.00000000000001,56.00000000000001
480,54.0,57.99999999999999
481,52.0,56.00000000000001
482,54.0,57.99999999999999
483,54.0,57.99999999999999
484,52.0,56.00000000000001
485,54.0,56.00000000000001
486,56.00000000000001,56.00000000000001
487,57.99999999999999,56.00000000000001
488,56.00000000000001,57.99999999999999
489,56.00000000000001,56.00000000000001
490,57.99999999999999,56.00000000000001
491,57.99999999999999,56.00000000000001
492,57.99999999999999,54.0
493,57.99999999999999,52.0
494,60.0,52.0
495,60.0,50.0
496,62.0,52.0
497,64.0,52.0
498,62.0,52.0
499,64.0,50.0
500,66.0,50.0
501,66.0,52.0
502,66.0,50.0
503,64.0,52.0
504,62.0,52.0
505,64.0,54.0
506,62.0,54.0
507,60.0,54.0
508,62.0,52.0
509,64.0,54.0
510,64.0,52.0
511,64.0,54.0
512,64.0,56.00000000000001
513,62.0,54.0
514,60.0,54.0
515,60.0,56.00000000000001
516,60.0,56.00000000000001
517,60.0,56.00000000000001
518,60.0,56.00000000000001
519,60.0,57.99999999999999
520,57.99999999999999,56.00000000000001
521,56.00000000000001,57.99999999999999
522,56.00000000000001,57.99999999999999
523,56.00000000000001,56.00000000000001
524,54.0,56.00000000000001
525,52.0,56.00000000000001
526,54.0,56.00000000000001
527,56.00000000000001,56.00000000000001
528,56.00000000000001,54.0
529,56.00000000000001,54.0
530,57.99999999999999,54.0
531,57.99999999999999,56.00000000000001
532,57.99999999999999,54.0
533,56.00000000000001,54.0
534,57.99999999999999,56.00000000000001
535,56.00000000000001,54.0
536,56.00000000000001,54.0
537,56.00000000000001,54.0
538,56.00000000000001,54.0
539,56.00000000000001,56.00000000000001
540,56.00000000000001,56.00000000000001
541,54.0,56.00000000000001
542,52.0,56.00000000000001
543,52.0,57.99999999999999
544,50.0,60.0
545,50.0,62.0
546,48.0,62.0
547,48.0,62.0
548,48.0,62.0
549,46.0,64.0
550,46.0,66.0
551,44.0,66.0
552,44.0,68.0
553,46.0,68.0
554,46.0,68.0
555,44.0,66.0
556,44.0,66.0
557,44.0,68.0
558,44.0,70.0
559,44.0,70.0
560,44.0,72.0
561,44.0,72.0
562,46.0,70.0
563,48.0,72.0
564,50.0,72.0
565,50.0,72.0
566,50.0,72.0
567,48.0,72.0
568,48.0,74.0
569,50.0,74.0
570,52.0,74.0
571,54.0,72.0
572,56.00000000000001,72.0
573,56.00000000000001,74.0
574,57.99999999999999,74.0
575,57.99999999999999,74.0
576,57.99999999999999,74.0
577,57.99999999999999,72.0
578,57.99999999999999,74.0
579,60.0,72.0
580,60.0,70.0
581,60.0,70.0
582,60.0,70.0
583,62.0,70.0
584,60.0,70.0
585,62.0,72.0
586,62.0,72.0
587,60.0,74.0
588,62.0,72.0
589,62.0,72.0
590,62.0,72.0
591,62.0,72.0
592,64.0,72.0
593,64.0,72.0
594,66.0,72.0
595,64.0,70.0
596,64.0,70.0
597,62.0,68.0
598,64.0,66.0
599,64.0,66.0
600,64.0,64.0
601,64.0,64.0
602,64.0,64.0
603,62.0,64.0
604,64.0,62.0
605,66.0,64.0
606,68.0,64.0
607,70.0,62.0
608,70.0,60.0
609,70.0,60.0
610,72.0,57.99999999999999
611,72.0,57.99999999999999
612,70.0,57.99999999999999
613,70.0,57.99999999999999
614,70.0,57.99999999999999
615,72.0,57.99999999999999
616,74.0,57.99999999999999
617,74.0,57.99999999999999
618,74.0,56.00000000000001
619,72.0,56.00000000000001
620,70.0,57.99999999999999
621,68.0,60.0
622,66.0,60.0
623,64.0,60.0
624,64.0,60.0
625,64.0,57.99999999999999
626,62.0,60.0
627,60.0,62.0
628,60.0,60.0
629,60.0,60.0
630,60.0,62.0
631,60.0,60.0
632,60.0,62.0
633,60.0,64.0
634,60.0,64.0
635,60.0,64.0
636,57.99999999999999,64.0
637,57.99999999999999,64.0
638,56.00000000000001,66.0
639,54.0,64.0
640,52.0,66.0
641,54.0,64.0
642,52.0,66.0
643,50.0,64.0
644,48.0,62.0
645,48.0,62.0
646,50.0,62.0
647,50.0,64.0
648,50.0,66.0
649,52.0,64.0
650,52.0,64.0
651,52.0,64.0
652,52.0,64.0
653,52.0,62.0
654,50.0,64.0
655,50.0,62.0
656,50.0,62.0
657,48.0,64.0
658,48.0,66.0
659,48.0,66.0
660,46.0,68.0
661,46.0,68.0
662,48.0,68.0
663,46.0,68.0
664,44.0,68.0
665,42.0,66.0
666,40.0,66.0
667,42.0,64.0
668,42.0,66.0
669,44.0,66.0
670,46.0,64.0
671,46.0,62.0
672,46.0,62.0
673,46.0,60.0
674,46.0,57.99999999999999
675,46.0,57.99999999999999
676,46.0,56.00000000000001
677,46.0,56.00000000000001
678,44.0,57.99999999999999
679,42.0,60.0
680,42.0,57.99999999999999
681,44.0,60.0
682,44.0,57.99999999999999
683,44.0,57.99999999999999
684,46.0,57.99999999999999
685,44.0,56.00000000000001
686,46.0,56.00000000000001
687,48.0,56.00000000000001
688,48.0,56.00000000000001
689,50.0,56.00000000000001
690,52.0,54.0
691,50.0,54.0
692,52.0,52.0
693,52.0,52.0
694,54.0,52.0
695,54.0,54.0
696,52.0,54.0
697,52.0,54.0
698,50.0,52.0
699,50.0,54.0
700,48.0,54.0
701,50.0,54.0
702,50.0,54.0
703,52.0,54.0
704,54.0,54.0
705,52.0,54.0
706,50.0,52.0
707,52.0,50.0
708,50.0,48.0
709,50.0,46.0
710,50.0,46.0
711,50.0,46.0
712,50.0,46.0
713,52.0,44.0
714,54.0,44.0
715,54.0,44.0
716,56.00000000000001,44.0
717,56.00000000000001,44.0
718,54.0,44.0
719,54.0,42.0
720,52.0,42.0
721,54.0,42.0
722,54.0,42.0
723,56.00000000000001,42.0
724,54.0,44.0
725,56.00000000000001,44.0
726,56.00000000000001,44.0
727,57.99999999999999,42.0
728,57.99999999999999,40.0
729,57.99999999999999,40.0
730,56.00000000000001,42.0
731,54.0,40.0
732,52.0,42.0
733,52.0,40.0
734,50.0,38.0
735,52.0,38.0
736,52.0,40.0
737,50.0,38.0
738,50.0,38.0
739,48.0,38.0
740,46.0,40.0
741,48.0,42.0
742,48.0,42.0
743,50.0,44.0
744,50.0,46.0
745,52.0,44.0
746,54.0,44.0
747,54.0,44.0
748,54.0,46.0
749,54.0,46.0
750,56.00000000000001,46.0
751,54.0,44.0
752,54.0,42.0
753,52.0,44.0
754,50.0,42.0
755,50.0,44.0
756,52.0,46.0
757,50.0,48.0
758,50.0,50.0
759,50.0,52.0
760,52.0,52.0
761,52.0,50.0
762,50.0,52.0
763,50.0,52.0
764,48.0,52.0
765,50.0,54.0
766,50.0,52.0
767,50.0,52.0
768,50.0,52.0
769,50.0,54.0
770,52.0,56.00000000000001
771,52.0,56.00000000000001
772,52.0,56.00000000000001
773,52.0,56.00000000000001
774,54.0,56.00000000000001
775,52.0,56.00000000000001
776,52.0,57.99999999999999
777,50.0,57.99999999999999
778,50.0,60.0
779,52.0,57.99999999999999
780,52.0,56.00000000000001
781,54.0,57.99999999999999
782,56.00000000000001,57.99999999999999
783,56.00000000000001,57.99999999999999
784,57.99999999999999,60.0
785,57.99999999999999,62.0
786,56.00000000000001,60.0
787,57.99999999999999,60.0
788,60.0,60.0
789,60.0,62.0
790,60.0,60.0
791,57.99999999999999,60.0
792,56.00000000000001,60.0
793,56.00000000000001,57.99999999999999
794,54.0,57.99999999999999
795,52.0,57.99999999999999
796,50.0,56.00000000000001
797,50.0,56.00000000000001
798,50.0,54.0
799,50.0,52.0
800,48.0,54.0
801,50.0,54.0
802,50.0,54.0
803,50.0,54.0
804,50.0,54.0
805,50.0,54.0
806,48.0,52.0
807,50.0,50.0
808,50.0,48.0
809,48.0,48.0
810,46.0,46.0
811,46.0,48.0
812,46.0,46.0
813,44.0,46.0
814,44.0,46.0
815,42.0,46.0
816,42.0,46.0
817,42.0,48.0
818,44.0,48.0
819,44.0,46.0
820,42.0,44.0
821,40.0,46.0
822,40.0,46.0
823,40.0,48.0
824,40.0,48.0
825,40.0,50.0
826,40.0,50.0
827,40.0,52.0
828,42.0,50.0
829,42.0,50.0
830,44.0,52.0
831,42.0,50.0
832,42.0,48.0
833,42.0,50.0
834,42.0,50.0
835,42.0,50.0
836,42.0,52.0
837,40.0,52.0
838,38.0,52.0
839,38.0,52.0
840,38.0,54.0
841,40.0,54.0
842,40.0,56.00000000000001
843,38.0,56.00000000000001
844,38.0,54.0
845,38.0,56.00000000000001
846,40.0,57.99999999999999
847,40.0,56.00000000000001
848,40.0,57.99999999999999
849,40.0,57.99999999999999
850,42.0,57.99999999999999
851,40.0,60.0
852,38.0,60.0
853,38.0,57.99999999999999
854,40.0,60.0
855,42.0,57.99999999999999
856,42.0,57.99999999999999
857,42.0,60.0
858,42.0,60.0
859,42.0,60.0
860,42.0,60.0
861,42.0,60.0
862,44.0,60.0
863,46.0,62.0
864,46.0,62.0
865,48.0,60.0
866,48.0,60.0
867,48.0,60.0
868,48.0,57.99999999999999
869,46.0,60.0
870,46.0,60.0
871,48.0,60.0
872,48.0,60.0
873,46.0,57.99999999999999
874,44.0,57.99999999999999
875,46.0,56.00000000000001
876,46.0,56.00000000000001
877,46.0,56.00000000000001
878,44.0,56.00000000000001
879,44.0,56.00000000000001
880,44.0,54.0
881,44.0,54.0
882,44.0,56.00000000000001
883,42.0,54.0
884,42.0,52.0
885,42.0,52.0
886,44.0,50.0
887,46.0,52.0
888,48.0,52.0
889,48.0,52.0
890,50.0,50.0
891,50.0,50.0
892,52.0,50.0
893,54.0,52.0
894,56.00000000000001,52.0
895,57.99999999999999,50.0
896,57.99999999999999,50.0
897,60.0,50.0
898,62.0,50.0
899,60.0,52.0
900,60.0,50.0
901,62.0,48.0
902,64.0,48.0
903,66.0,50.0
904,64.0,48.0
905,64.0,50.0
906,66.0,52.0
907,64.0,50.0
908,64.0,52.0
909,66.0,52.0
910,68.0,54.0
911,66.0,52.0
912,64.0,54.0
913,64.0,52.0
914,66.0,50.0
915,66.0,50.0
916,66.0,52.0
917,66.0,50.0
918,64.0,52.0
919,66.0,52.0
920,68.0,54.0
921,68.0,52.0
922,68.0,52.0
923,68.0,52.0
924,70.0,52.0
925,70.0,54.0
926,70.0,52.0
927,70.0,52.0
928,72.0,54.0
929,72.0,56.00000000000001
930,72.0,56.00000000000001
931,74.0,57.99999999999999
932,72.0,56.00000000000001
933,74.0,57.99999999999999
934,72.0,57.99999999999999
935,72.0,57.99999999999999
936,70.0,60.0
937,70.0,60.0
938,68.0,60.0
939,70.0,60.0
940,70.0,62.0
941,70.0,62.0
942,68.0,60.0
943,68.0,60.0
944,68.0,60.0
945,68.0,62.0
946,66.0,60.0
947,64.0,62.0
948,62.0,62.0
949,64.0,60.0
950,62.0,60.0
951,60.0,62.0
952,60.0,62.0
953,57.99999999999999,62.0
954,60.0,62.0
955,57.99999999999999,60.0
956,57.99999999999999,57.99999999999999
957,60.0,60.0
958,60.0,57.99999999999999
959,60.0,57.99999999999999
960,57.99999999999999,57.99999999999999
961,57.99999999999999,60.0
962,60.0,60.0
963,60.0,60.0
964,60.0,60.0
965,57.99999999999999,62.0
966,56.00000000000001,60.0
967,56.00000000000001,60.0
968,57.99999999999999,57.99999999999999
969,57.99999999999999,57.99999999999999
970,57.99999999999999,57.99999999999999
971,57.99999999999999,60.0
972,60.0,60.0
973,60.0,60.0
974,60.0,60.0
975,60.0,60.0
976,60.0,62.0
977,60.0,60.0
978,57.99999999999999,60.0
979,56.00000000000001,57.99999999999999
980,54.0,60.0
981,52.0,60.0
982,54.0,60.0
983,52.0,60.0
984,52.0,62.0
985,52.0,60.0
986,52.0,60.0
987,50.0,60.0
988,50.0,57.99999999999999
989,50.0,57.99999999999999
990,48.0,57.99999999999999
991,48.0,57.99999999999999
992,48.0,60.0
993,46.0,60.0
994,44.0,62.0
995,42.0,60.0
996,42.0,62.0
997,44.0,62.0
998,44.0,62.0
999,44.0,62.0
1000,44.0,64.0
1001,44.0,64.0
1002,44.0,64.0
1003,44.0,64.0
1004,42.0,64.0
1005,44.0,64.0
1006,44.0,64.0
1007,44.0,64.0
1008,46.0,66.0
1009,46.0,66.0
1010,46.0,64.0
1011,48.0,64.0
1012,48.0,64.0
1013,46.0,64.0
1014,44.0,66.0
1015,44.0,64.0
1016,44.0,66.0
1017,42.0,68.0
1018,40.0,70.0
1019,38.0,70.0
1020,36.0,68.0
1021,34.0,66.0
1022,32.0,66.0
1023,32.0,66.0
1024,32.0,64.0
1025,30.0,64.0
1026,30.0,62.0
1027,30.0,64.0
1028,32.0,64.0
1029,34.0,64.0
1030,36.0,64.0
1031,36.0,64.0
1032,34.0,64.0
1033,36.0,64.0
1034,38.0,64.0
1035,36.0,64.0
1036,38.0,64.0
1037,38.0,62.0
1038,40.0,64.0
1039,38.0,64.0
1040,40.0,64.0
1041,38.0,64.0
1042,38.0,62.0
1043,38.0,62.0
1044,40.0,62.0
1045,40.0,64.0
1046,40.0,62.0
1047,38.0,60.0
1048,38.0,57.99999999999999
1049,36.0,60.0
1050,36.0,57.99999999999999
1051,36.0,56.00000000000001
1052,36.0,57.99999999999999
1053,36.0,56.00000000000001
1054,36.0,56.00000000000001
1055,34.0,56.00000000000001
1056,34.0,57.99999999999999
1057,32.0,57.99999999999999
1058,32.0,56.00000000000001
1059,30.0,56.00000000000001
1060,32.0,56.00000000000001
1061,32.0,56.00000000000001
1062,30.0,56.00000000000001
1063,30.0,56.00000000000001
1064,30.0,54.0
1065,32.0,56.00000000000001
1066,32.0,56.00000000000001
1067,32.0,54.0
1068,34.0,54.0
1069,36.0,52.0
1070,38.0,52.0
1071,38.0,52.0
1072,40.0,50.0
1073,42.0,50.0
1074,40.0,50.0
1075,40.0,48.0
1076,40.0,50.0
1077,42.0,48.0
1078,40.0,48.0
1079,38.0,50.0
1080,36.0,50.0
1081,36.0,48.0
1082,36.0,48.0
1083,34.0,48.0
1084,32.0,46.0
1085,34.0,48.0
1086,32.0,46.0
1087,34.0,46.0
1088,34.0,46.0
1089,36.0,46.0
1090,34.0,46.0
1091,34.0,44.0
1092,34.0,46.0
1093,34.0,46.0
1094,32.0,46.0
1095,34.0,46.0
1096,34.0,48.0
1097,34.0,48.0
1098,34.0,50.0
1099,36.0,48.0
1100,36.0,50.0
1101,36.0,52.0
1102,36.0,52.0
1103,38.0,54.0
1104,38.0,54.0
1105,40.0,54.0
1106,38.0,54.0
1107,38.0,54.0
1108,36.0,54.0
1109,36.0,54.0
1110,36.0,54.0
1111,34.0,52.0
1112,34.0,52.0
1113,36.0,52.0
1114,38.0,52.0
1115,36.0,52.0
1116,36.0,52.0
1117,36.0,54.0
1118,36.0,52.0
1119,36.0,54.0
1120,36.0,54.0
1121,38.0,56.00000000000001
1122,36.0,57.99999999999999
1123,34.0,57.99999999999999
1124,36.0,60.0
1125,38.0,60.0
1126,40.0,57.99999999999999
1127,40.0,57.99999999999999
1128,40.0,57.99999999999999
1129,40.0,56.00000000000001
1130,40.0,56.00000000000001
1131,42.0,57.99999999999999
1132,44.0,60.0
1133,44.0,60.0
1134,46.0,60.0
1135,44.0,57.99999999999999
1136,44.0,60.0
1137,44.0,62.0
1138,44.0,60.0
1139,42.0,57.99999999999999
1140,44.0,57.99999999999999
1141,44.0,57.99999999999999
1142,46.0,57.99999999999999
1143,48.0,56.00000000000001
1144,50.0,54.0
1145,48.0,54.0
1146,50.0,54.0
1147,52.0,54.0
1148,54.0,52.0
1149,52.0,54.0
1150,54.0,54.0
1151,54.0,54.0
1152,52.0,54.0
1153,52.0,52.0
1154,54.0,54.0
1155,52.0,56.00000000000001
1156,54.0,56.00000000000001
1157,56.00000000000001,54.0
1158,56.00000000000001,56.00000000000001
1159,57.99999999999999,56.00000000000001
1160,56.00000000000001,57.99999999999999
1161,56.00000000000001,57.99999999999999
1162,57.99999999999999,56.00000000000001
1163,57.99999999999999,57.99999999999999
1164,57.99999999999999,60.0
1165,60.0,57.99999999999999
1166,60.0,57.99999999999999
1167,60.0,57.99999999999999
1168,60.0,60.0
1169,60.0,57.99999999999999
1170,60.0,60.0
1171,60.0,60.0
1172,62.0,60.0
1173,64.0,62.0
1174,64.0,62.0
1175,64.0,64.0
1176,64.0,64.0
1177,64.0,66.0
1178,66.0,66.0
1179,68.0,66.0
1180,70.0,66.0
1181,68.0,66.0
1182,68.0,66.0
1183,70.0,66.0
1184,70.0,66.0
1185,72.0,68.0
1186,72.0,66.0
1187,72.0,66.0
1188,72.0,66.0
1189,74.0,68.0
1190,72.0,68.0
1191,74.0,68.0
1192,72.0,68.0
1193,72.0,70.0
1194,72.0,72.0
1195,72.0,70.0
1196,72.0,70.0
1197,72.0,72.0
1198,70.0,72.0
1199,72.0,72.0
1200,72.0,70.0
1201,74.0,68.0
1202,74.0,68.0
1203,74.0,68.0
1204,74.0,68.0
1205,74.0,68.0
1206,74.0,66.0
1207,74.0,66.0
1208,76.0,64.0
1209,76.0,62.0
1210,76.0,60.0
1211,78.0,62.0
1212,78.0,64.0
1213,78.0,64.0
1214,78.0,62.0
1215,78.0,64.0
1216,80.0,62.0
1217,82.0,62.0
1218,82.0,60.0
1219,80.0,62.0
1220,80.0,60.0
1221,80.0,57.99999999999999
1222,80.0,57.99999999999999
1223,80.0,57.99999999999999
1224,80.0,56.00000000000001
1225,78.0,56.00000000000001
1226,76.0,57.99999999999999
1227,76.0,57.99999999999999
1228,74.0,57.99999999999999
1229,72.0,60.0
1230,72.0,60.0
1231,74.0,57.99999999999999
1232,72.0,56.00000000000001
1233,72.0,54.0
1234,72.0,54.0
1235,70.0,52.0
1236,70.0,52.0
1237,70.0,50.0
1238,70.0,50.0
1239,68.0,50.0
1240,70.0,48.0
1241,70.0,50.0
1242,72.0,48.0
1243,72.0,46.0
1244,72.0,46.0
1245,72.0,46.0
1246,70.0,44.0
1247,70.0,44.0
1248,70.0,44.0
1249,70.0,42.0
1250,70.0,44.0
1251,68.0,44.0
1252,68.0,44.0
1253,66.0,44.0
1254,64.0,44.0
1255,66.0,42.0
1256,64.0,42.0
1257,62.0,44.0
1258,60.0,46.0
1259,57.99999999999999,48.0
1260,60.0,50.0
1261,57.99999999999999,50.0
1262,57.99999999999999,48.0
1263,57.99999999999999,48.0
1264,57.99999999999999,48.0
1265,57.99999999999999,48.0
1266,57.99999999999999,48.0
1267,56.00000000000001,48.0
1268,56.00000000000001,48.0
1269,57.99999999999999,48.0
1270,57.99999999999999,48.0
1271,57.99999999999999,50.0
1272,57.99999999999999,48.0
1273,56.00000000000001,48.0
1274,54.0,48.0
1275,56.00000000000001,48.0
1276,56.00000000000001,46.0
1277,56.00000000000001,44.0
1278,56.00000000000001,42.0
1279,56.00000000000001,42.0
1280,54.0,40.0
1281,54.0,42.0
1282,56.00000000000001,44.0
1283,54.0,44.0
1284,54.0,46.0
1285,56.00000000000001,46.0
1286,57.99999999999999,46.0
1287,57.99999999999999,48.0
1288,57.99999999999999,48.0
1289,57.99999999999999,46.0
1290,56.00000000000001,48.0
1291,56.00000000000001,46.0
1292,54.0,46.0
1293,52.0,48.0
1294,50.0,48.0
1295,52.0,50.0
1296,52.0,52.0
1297,50.0,50.0
1298,50.0,52.0
1299,50.0,52.0
1300,50.0,52.0
1301,52.0,52.0
1302,54.0,52.0
1303,54.0,52.0
1304,56.00000000000001,52.0
1305,54.0,54.0
1306,54.0,56.00000000000001
1307,54.0,54.0
1308,56.00000000000001,54.0
1309,56.00000000000001,54.0
1310,54.0,54.0
1311,56.00000000000001,52.0
1312,56.00000000000001,54.0
1313,56.00000000000001,54.0
1314,54.0,56.00000000000001
1315,52.0,56.00000000000001
1316,52.0,57.99999999999999
1317,54.0,56.00000000000001
1318,52.0,56.00000000000001
1319,52.0,56.00000000000001
1320,52.0,56.00000000000001
1321,50.0,56.00000000000001
1322,50.0,56.00000000000001
1323,52.0,56.00000000000001
1324,54.0,57.99999999999999
1325,54.0,57.99999999999999
1326,56.00000000000001,57.99999999999999
1327,56.00000000000001,60.0
1328,56.00000000000001,62.0
1329,56.00000000000001,62.0
1330,57.99999999999999,64.0
1331,57.99999999999999,62.0
1332,57.99999999999999,62.0
1333,60.0,64.0
1334,60.0,64.0
1335,60.0,64.0
1336,57.99999999999999,64.0
1337,57.99999999999999,62.0
1338,56.00000000000001,62.0
1339,56.00000000000001,62.0
1340,56.00000000000001,62.0
1341,56.00000000000001,64.0
1342,56.00000000000001,66.0
1343,57.99999999999999,64.0
1344,60.0,62.0
1345,60.0,60.0
1346,62.0,57.99999999999999
1347,62.0,60.0
1348,62.0,60.0
1349,62.0,62.0
1350,60.0,60.0
1351,57.99999999999999,62.0
1352,56.00000000000001,60.0
1353,57.99999999999999,60.0
1354,57.99999999999999,57.99999999999999
1355,57.99999999999999,57.99999999999999
1356,60.0,56.00000000000001
1357,60.0,56.00000000000001
1358,57.99999999999999,56.00000000000001
1359,60.0,56.00000000000001
1360,60.0,56.00000000000001
1361,57.99999999999999,56.00000000000001
1362,56.00000000000001,54.0
1363,54.0,54.0
1364,54.0,54.0
1365,56.00000000000001,52.0
1366,56.00000000000001,50.0
1367,54.0,52.0
1368,54.0,54.0
1369,52.0,52.0
1370,50.0,52.0
1371,50.0,50.0
1372,50.0,50.0
1373,50.0,50.0
1374,48.0,50.0
1375,48.0,48.0
1376,48.0,50.0
1377,46.0,48.0
1378,48.0,48.0
1379,50.0,48.0
1380,50.0,48.0
1381,48.0,48.0
1382,46.0,48.0
1383,44.0,46.0
1384,42.0,46.0
1385,40.0,46.0
1386,42.0,46.0
1387,40.0,48.0
1388,42.0,50.0
1389,42.0,50.0
1390,44.0,50.0
1391,42.0,50.0
1392,44.0,50.0
1393,44.0,50.0
1394,44.0,52.0
1395,44.0,54.0
1396,44.0,54.0
1397,44.0,54.0
1398,46.0,52.0
1399,44.0,50.0
1400,46.0,52.0
1401,48.0,52.0
1402,48.0,52.0
1403,48.0,52.0
1404,46.0,52.0
1405,48.0,50.0
1406,46.0,52.0
1407,48.0,54.0
1408,50.0,52.0
1409,48.0,50.0
1410,48.0,48.0
1411,50.0,50.0
1412,50.0,50.0
1413,52.0,50.0
1414,54.0,50.0
1415,52.0,52.0
1416,52.0,54.0
1417,52.0,54.0
1418,54.0,54.0
1419,56.00000000000001,56.00000000000001
1420,56.00000000000001,57.99999999999999
1421,56.00000000000001,57.99999999999999
1422,56.00000000000001,60.0
1423,54.0,60.0
1424,54.0,57.99999999999999
1425,54.0,60.0
1426,52.0,57.99999999999999
1427,54.0,60.0
1428,52.0,57.99999999999999
1429,50.0,56.00000000000001
1430,48.0,56.00000000000001
1431,48.0,56.00000000000001
1432,50.0,54.0
1433,52.0,56.00000000000001
1434,54.0,54.0
1435,56.00000000000001,54.0
1436,56.00000000000001,56.00000000000001
1437,57.99999999999999,56.00000000000001
1438,56.00000000000001,56.00000000000001
1439,56.00000000000001,57.99999999999999
1440,54.0,56.00000000000001
1441,56.00000000000001,56.00000000000001
1442,56.00000000000001,56.00000000000001
1443,56.00000000000001,56.00000000000001
1444,56.00000000000001,56.00000000000001
1445,54.0,54.0
1446,54.0,56.00000000000001
1447,56.00000000000001,56.00000000000001
1448,56.00000000000001,56.00000000000001
1449,56.00000000000001,57.99999999999999
1450,56.00000000000001,56.00000000000001
1451,54.0,54.0
1452,54.0,54.0
1453,54.0,54.0
1454,56.00000000000001,56.00000000000001
1455,56.00000000000001,56.00000000000001
1456,56.00000000000001,54.0
1457,54.0,54.0
1458,54.0,54.0
1459,56.00000000000001,56.00000000000001
1460,56.00000000000001,57.99999999999999
1461,54.0,57.99999999999999
1462,56.00000000000001,60.0
1463,54.0,57.99999999999999
1464,54.0,57.99999999999999
1465,54.0,57.99999999999999
1466,54.0,56.00000000000001
1467,54.0,56.00000000000001
1468,54.0,56.00000000000001
1469,52.0,54.0
1470,54.0,52.0
1471,56.00000000000001,54.0
1472,56.00000000000001,54.0
1473,56.00000000000001,54.0
1474,56.00000000000001,56.00000000000001
1475,54.0,54.0
1476,54.0,56.00000000000001
1477,54.0,54.0
1478,54.0,54.0
1479,54.0,56.00000000000001
1480,56.00000000000001,56.00000000000001
1481,57.99999999999999,56.00000000000001
1482,56.00000000000001,57.99999999999999
1483,56.00000000000001,56.00000000000001
1484,56.00000000000001,56.00000000000001
1485,56.00000000000001,56.00000000000001
1486,54.0,56.00000000000001
1487,54.0,56.00000000000001
1488,54.0,54.0
1489,54.0,54.0
1490,54.0,56.00000000000001
1491,54.0,54.0
1492,54.0,52.0
1493,52.0,52.0
1494,50.0,52.0
1495,50.0,52.0
1496,50.0,50.0
1497,48.0,48.0
1498,46.0,48.0
1499,48.0,46.0
1500,46.0,46.0
1501,48.0,46.0
1502,50.0,48.0
1503,48.0,50.0
1504,48.0,48.0
1505,46.0,48.0
1506,48.0,48.0
1507,48.0,46.0
1508,46.0,46.0
1509,46.0,44.0
1510,48.0,44.0
1511,50.0,42.0
1512,48.0,42.0
1513,50.0,42.0
1514,48.0,42.0
1515,50.0,40.0
1516,50.0,42.0
1517,50.0,42.0
1518,48.0,42.0
1519,48.0,42.0
1520,48.0,42.0
1521,48.0,42.0
1522,48.0,40.0
1523,50.0,38.0
1524,50.0,36.0
1525,52.0,38.0
1526,54.0,38.0
1527,54.0,40.0
1528,56.00000000000001,40.0
1529,56.00000000000001,40.0
1530,56.00000000000001,38.0
1531,56.00000000000001,38.0
1532,56.00000000000001,38.0
1533,54.0,38.0
1534,52.0,38.0
1535,50.0,38.0
1536,50.0,38.0
1537,48.0,36.0
1538,48.0,36.0
1539,48.0,34.0
1540,50.0,32.0
1541,48.0,34.0
1542,46.0,34.0
1543,48.0,34.0
1544,48.0,34.0
1545,50.0,34.0
1546,50.0,34.0
1547,50.0,36.0
1548,50.0,38.0
1549,48.0,38.0
1550,48.0,40.0
1551,48.0,40.0
1552,48.0,38.0
1553,48.0,36.0
1554,46.0,36.0
1555,46.0,38.0
1556,44.0,40.0
1557,44.0,42.0
1558,46.0,42.0
1559,46.0,42.0
1560,46.0,40.0
1561,44.0,42.0
1562,46.0,40.0
1563,44.0,40.0
1564,44.0,38.0
1565,44.0,38.0
1566,44.0,38.0
1567,44.0,36.0
1568,46.0,34.0
1569,46.0,34.0
1570,44.0,36.0
1571,44.0,34.0
1572,42.0,36.0
1573,40.0,38.0
1574,42.0,40.0
1575,40.0,38.0
1576,38.0,38.0
1577,36.0,36.0
1578,34.0,36.0
1579,34.0,34.0
1580,34.0,36.0
1581,32.0,36.0
1582,32.0,34.0
1583,32.0,36.0
1584,34.0,38.0
1585,36.0,38.0
1586,36.0,36.0
1587,36.0,38.0
1588,36.0,40.0
1589,38.0,42.0
1590,36.0,44.0
1591,38.0,44.0
1592,40.0,46.0
1593,40.0,48.0
1594,40.0,46.0
1595,40.0,48.0
1596,40.0,48.0
1597,42.0,46.0
1598,44.0,46.0
1599,46.0,46.0
1600,48.0,46.0
1601,46.0,48.0
1602,46.0,50.0
1603,46.0,50.0
1604,48.0,50.0
1605,50.0,50.0
1606,52.0,48.0
1607,52.0,46.0
1608,52.0,46.0
1609,50.0,48.0
1610,50.0,50.0
1611,52.0,48.0
1612,52.0,50.0
1613,54.0,52.0
1614,54.0,54.0
1615,54.0,54.0
1616,54.0,52.0
1617,54.0,54.0
1618,54.0,56.00000000000001
1619,54.0,56.00000000000001
1620,54.0,56.00000000000001
1621,52.0,56.00000000000001
1622,54.0,56.00000000000001
1623,56.00000000000001,56.00000000000001
1624,56.00000000000001,56.00000000000001
1625,56.00000000000001,56.00000000000001
1626,57.99999999999999,56.00000000000001
1627,60.0,56.00000000000001
1628,62.0,57.99999999999999
1629,64.0,57.99999999999999
1630,64.0,57.99999999999999
1631,64.0,57.99999999999999
1632,66.0,57.99999999999999
1633,68.0,57.99999999999999
1634,68.0,56.00000000000001
1635,68.0,56.00000000000001
1636,70.0,56.00000000000001
1637,72.0,54.0
1638,74.0,52.0
1639,74.0,50.0
1640,76.0,50.0
1641,74.0,48.0
1642,72.0,48.0
1643,70.0,46.0
1644,70.0,46.0
1645,70.0,44.0
1646,68.0,46.0
1647,66.0,46.0
1648,66.0,44.0
1649,64.0,46.0
1650,64.0,44.0
1651,66.0,42.0
1652,64.0,42.0
1653,64.0,44.0
1654,62.0,46.0
1655,62.0,46.0
1656,62.0,48.0
1657,62.0,48.0
1658,62.0,48.0
1659,62.0,46.0
1660,60.0,44.0
1661,60.0,46.0
1662,60.0,44.0
1663,57.99999999999999,44.0
1664,60.0,42.0
1665,57.99999999999999,44.0
1666,57.99999999999999,44.0
1667,60.0,42.0
1668,57.99999999999999,40.0
1669,60.0,40.0
1670,62.0,40.0
1671,64.0,42.0
1672,62.0,40.0
1673,62.0,40.0
1674,62.0,40.0
1675,64.0,42.0
1676,64.0,40.0
1677,62.0,40.0
1678,60.0,38.0
1679,60.0,38.0
1680,60.0,38.0
1681,60.0,40.0
1682,60.0,40.0
1683,60.0,40.0
1684,57.99999999999999,42.0
1685,57.99999999999999,42.0
1686,56.00000000000001,42.0
1687,54.0,44.0
1688,52.0,46.0
1689,52.0,46.0
1690,52.0,46.0
1691,54.0,46.0
1692,56.00000000000001,46.0
1693,57.99999999999999,46.0
1694,57.99999999999999,48.0
1695,57.99999999999999,48.0
1696,57.99999999999999,48.0
1697,60.0,48.0
1698,57.99999999999999,50.0
1699,57.99999999999999,50.0
1700,57.99999999999999,50.0
1701,56.00000000000001,50.0
1702,56.00000000000001,48.0
1703,56.00000000000001,48.0
1704,56.00000000000001,46.0
1705,54.0,46.0
1706,52.0,44.0
1707,52.0,46.0
1708,50.0,48.0
1709,50.0,50.0
1710,52.0,50.0
1711,50.0,48.0
1712,48.0,48.0
1713,48.0,46.0
1714,46.0,46.0
1715,46.0,46.0
1716,44.0,46.0
1717,42.0,46.0
1718,42.0,46.0
1719,42.0,46.0
1720,42.0,44.0
1721,40.0,42.0
1722,42.0,42.0
1723,42.0,42.0
1724,42.0,40.0
1725,42.0,38.0
1726,42.0,40.0
1727,42.0,40.0
1728,44.0,40.0
1729,44.0,42.0
1730,42.0,40.0
1731,44.0,40.0
1732,44.0,42.0
1733,44.0,42.0
1734,44.0,42.0
1735,44.0,42.0
1736,46.0,42.0
1737,48.0,42.0
1738,48.0,40.0
1739,48.0,40.0
1740,46.0,38.0
1741,44.0,40.0
1742,42.0,40.0
1743,40.0,40.0
1744,42.0,40.0
1745,42.0,42.0
1746,44.0,40.0
1747,42.0,40.0
1748,44.0,38.0
1749,46.0,36.0
1750,44.0,36.0
1751,44.0,36.0
1752,44.0,36.0
1753,44.0,34.0
1754,46.0,36.0
1755,48.0,34.0
1756,50.0,34.0
1757,52.0,34.0
1758,52.0,34.0
1759,54.0,34.0
1760,54.0,36.0
1761,56.00000000000001,36.0
1762,56.00000000000001,38.0
1763,57.99999999999999,38.0
1764,57.99999999999999,38.0
1765,60.0,38.0
1766,62.0,38.0
1767,64.0,38.0
1768,64.0,40.0
1769,64.0,40.0
1770,64.0,40.0
1771,64.0,42.0
1772,64.0,42.0
1773,62.0,42.0
1774,60.0,44.0
1775,57.99999999999999,46.0
1776,57.99999999999999,46.0
1777,60.0,48.0
1778,60.0,48.0
1779,57.99999999999999,46.0
1780,57.99999999999999,48.0
1781,57.99999999999999,46.0
1782,56.00000000000001,46.0
1783,54.0,46.0
1784,56.00000000000001,46.0
1785,56.00000000000001,46.0
1786,56.00000000000001,48.0
1787,56.00000000000001,48.0
1788,57.99999999999999,48.0
1789,57.99999999999999,48.0
1790,57.99999999999999,50.0
1791,60.0,48.0
1792,62.0,46.0
1793,64.0,48.0
1794,62.0,48.0
1795,62.0,48.0
1796,60.0,48.0
1797,62.0,50.0
1798,62.0,50.0
1799,60.0,52.0
1800,60.0,54.0
1801,62.0,56.00000000000001
1802,64.0,56.00000000000001
1803,64.0,57.99999999999999
1804,64.0,56.00000000000001
1805,62.0,56.00000000000001
1806,62.0,57.99999999999999
1807,60.0,57.99999999999999
1808,62.0,56.00000000000001
1809,62.0,56.00000000000001
1810,62.0,56.00000000000001
1811,60.0,57.99999999999999
1812,60.0,56.00000000000001
1813,60.0,57.99999999999999
1814,60.0,60.0
1815,57.99999999999999,60.0
1816,57.99999999999999,60.0
1817,57.99999999999999,60.0
1818,57.99999999999999,60.0
1819,57.99999999999999,62.0
1820,57.99999999999999,62.0
1821,60.0,60.0
1822,57.99999999999999,62.0
1823,60.0,60.0
1824,60.0,57.99999999999999
1825,60.0,56.00000000000001
1826,60.0,56.00000000000001
1827,57.99999999999999,54.0
1828,57.99999999999999,54.0
1829,57.99999999999999,56.00000000000001
1830,60.0,54.0
1831,60.0,56.00000000000001
1832,60.0,54.0
1833,62.0,52.0
1834,62.0,52.0
1835,62.0,54.0
1836,60.0,54.0
1837,60.0,54.0
1838,60.0,54.0
1839,60.0,56.00000000000001
1840,62.0,56.00000000000001
1841,62.0,56.00000000000001
1842,60.0,57.99999999999999
1843,60.0,57.99999999999999
1844,60.0,56.00000000000001
1845,57.99999999999999,54.0
1846,60.0,54.0
1847,57.99999999999999,54.0
1848,56.00000000000001,56.00000000000001
1849,57.99999999999999,54.0
1850,60.0,52.0
1851,57.99999999999999,52.0
1852,56.00000000000001,52.0
1853,56.00000000000001,52.0
1854,56.00000000000001,54.0
1855,56.00000000000001,56.00000000000001
1856,56.00000000000001,54.0
1857,57.99999999999999,54.0
1858,57.99999999999999,54.0
1859,56.00000000000001,52.0
1860,56.00000000000001,52.0
1861,56.00000000000001,50.0
1862,57.99999999999999,52.0
1863,56.00000000000001,50.0
1864,56.00000000000001,48.0
1865,56.00000000000001,48.0
1866,54.0,48.0
1867,52.0,50.0
1868,52.0,48.0
1869,50.0,48.0
1870,48.0,48.0
1871,48.0,50.0
1872,50.0,50.0
1873,50.0,50.0
1874,52.0,52.0
1875,54.0,54.0
1876,54.0,54.0
1877,54.0,56.00000000000001
1878,52.0,57.99999999999999
1879,52.0,56.00000000000001
1880,52.0,57.99999999999999
1881,50.0,57.99999999999999
1882,50.0,60.0
1883,48.0,60.0
1884,48.0,57.99999999999999
1885,46.0,56.00000000000001
1886,46.0,56.00000000000001
1887,44.0,56.00000000000001
1888,42.0,57.99999999999999
1889,40.0,56.00000000000001
1890,40.0,56.00000000000001
1891,38.0,56.00000000000001
1892,40.0,56.00000000000001
1893,40.0,54.0
1894,40.0,56.00000000000001
1895,42.0,56.00000000000001
1896,40.0,57.99999999999999
1897,40.0,56.00000000000001
1898,40.0,54.0
1899,38.0,56.00000000000001
1900,36.0,57.99999999999999
1901,36.0,56.00000000000001
1902,38.0,57.99999999999999
1903,38.0,56.00000000000001
1904,38.0,54.0
1905,40.0,54.0
1906,40.0,56.00000000000001
1907,40.0,54.0
1908,40.0,56.00000000000001
1909,40.0,56.00000000000001
1910,38.0,54.0
1911,40.0,56.00000000000001
1912,38.0,56.00000000000001
1913,40.0,56.00000000000001
1914,40.0,56.00000000000001
1915,42.0,54.0
1916,44.0,56.00000000000001
1917,44.0,54.0
1918,44.0,54.0
1919,46.0,54.0
1920,46.0,56.00000000000001
1921,44.0,54.0
1922,42.0,52.0
1923,42.0,52.0
1924,40.0,50.0
1925,38.0,48.0
1926,38.0,48.0
1927,38.0,48.0
1928,40.0,46.0
1929,40.0,46.0
1930,40.0,44.0
1931,40.0,42.0
1932,42.0,42.0
1933,42.0,42.0
1934,42.0,44.0
1935,42.0,44.0
1936,42.0,44.0
1937,42.0,44.0
1938,44.0,44.0
1939,46.0,46.0
1940,44.0,44.0
1941,44.0,44.0
1942,44.0,44.0
1943,42.0,46.0
1944,42.0,46.0
1945,42.0,46.0
1946,42.0,46.0
1947,42.0,46.0
1948,44.0,48.0
1949,44.0,48.0
1950,44.0,48.0
1951,44.0,48.0
1952,42.0,48.0
1953,42.0,50.0
1954,40.0,50.0
1955,38.0,50.0
1956,38.0,50.0
1957,36.0,50.0
1958,36.0,48.0
1959,36.0,48.0
1960,36.0,48.0
1961,34.0,48.0
1962,34.0,46.0
1963,32.0,46.0
1964,32.0,48.0
1965,32.0,48.0
1966,32.0,48.0
1967,32.0,48.0
1968,34.0,48.0
1969,34.0,48.0
1970,34.0,46.0
1971,34.0,46.0
1972,34.0,46.0
1973,32.0,46.0
1974,34.0,46.0
1975,34.0,48.0
1976,32.0,46.0
1977,32.0,44.0
1978,30.0,46.0
1979,30.0,46.0
1980,30.0,46.0
1981,30.0,48.0
1982,28.000000000000004,46.0
1983,28.000000000000004,48.0
1984,26.0,48.0
1985,28.000000000000004,48.0
1986,28.000000000000004,46.0
1987,30.0,46.0
1988,30.0,46.0
1989,28.000000000000004,44.0
1990,28.000000000000004,46.0
1991,30.0,48.0
1992,30.0,46.0
1993,30.0,44.0
1994,30.0,44.0
1995,28.000000000000004,44.0
1996,30.0,44.0
1997,30.0,44.0
1998,28.000000000000004,42.0
1999,28.000000000000004,42.0
2000,28.000000000000004,40.0
2001,28.000000000000004,40.0
2002,30.0,38.0
2003,32.0,36.0
2004,34.0,36.0
2005,34.0,34.0
2006,34.0,34.0
2007,36.0,36.0
2008,34.0,36.0
2009,34.0,38.0
2010,34.0,38.0
2011,34.0,38.0
2012,36.0,40.0
2013,36.0,42.0
2014,36.0,40.0
2015,36.0,42.0
2016,36.0,40.0
2017,38.0,40.0
2018,38.0,40.0
2019,36.0,38.0
2020,36.0,38.0
2021,36.0,40.0
2022,36.0,40.0
2023,38.0,40.0
2024,36.0,40.0
2025,38.0,38.0
2026,38.0,38.0
2027,38.0,38.0
2028,40.0,38.0
2029,40.0,38.0
2030,38.0,38.0
2031,38.0,36.0
2032,40.0,36.0
2033,42.0,34.0
2034,44.0,32.0
2035,42.0,32.0
2036,42.0,32.0
2037,40.0,30.0
2038,38.0,28.000000000000004
2039,40.0,28.000000000000004
2040,42.0,26.0
2041,42.0,24.0
2042,42.0,24.0
2043,42.0,24.0
2044,42.0,22.0
2045,42.0,22.0
2046,40.0,20.0
2047,42.0,22.0
2048,42.0,22.0
2049,42.0,20.0
2050,42.0,20.0
2051,42.0,20.0
2052,40.0,20.0
2053,38.0,22.0
2054,36.0,22.0
2055,38.0,22.0
2056,38.0,20.0
2057,36.0,20.0
2058,38.0,20.0
2059,40.0,20.0
2060,40.0,20.0
2061,40.0,20.0
2062,38.0,18.0
2063,38.0,18.0
2064,38.0,20.0
2065,36.0,20.0
2066,36.0,20.0
2067,34.0,22.0
2068,32.0,22.0
2069,32.0,24.0
2070,34.0,26.0
2071,34.0,26.0
2072,34.0,26.0
2073,34.0,26.0
2074,34.0,26.0
2075,32.0,28.000000000000004
2076,34.0,28.000000000000004
2077,34.0,28.000000000000004
2078,32.0,28.000000000000004
2079,32.0,30.0
2080,32.0,32.0
2081,34.0,34.0
2082,32.0,34.0
2083,30.0,36.0
2084,28.000000000000004,38.0
2085,28.000000000000004,40.0
2086,28.000000000000004,40.0
2087,30.0,42.0
2088,30.0,44.0
2089,30.0,44.0
2090,28.000000000000004,46.0
2091,26.0,46.0
2092,26.0,48.0
2093,26.0,50.0
2094,26.0,50.0
2095,26.0,52.0
2096,26.0,52.0
2097,26.0,52.0
2098,26.0,54.0
2099,26.0,56.00000000000001
2100,26.0,57.99999999999999
2101,26.0,57.99999999999999
2102,28.000000000000004,60.0
2103,30.0,57.99999999999999
2104,30.0,57.99999999999999
2105,30.0,60.0
2106,28.000000000000004,60.0
2107,28.000000000000004,57.99999999999999
2108,26.0,60.0
2109,26.0,60.0
2110,26.0,62.0
2111,26.0,60.0
2112,28.000000000000004,60.0
2113,30.0,57.99999999999999
2114,30.0,57.99999999999999
2115,32.0,56.00000000000001
2116,30.0,57.99999999999999
2117,30.0,57.99999999999999
2118,30.0,57.99999999999999
2119,30.0,57.99999999999999
2120,28.000000000000004,57.99999999999999
2121,30.0,57.99999999999999
2122,30.0,57.99999999999999
2123,28.000000000000004,57.99999999999999
2124,28.000000000000004,57.99999999999999
2125,30.0,57.99999999999999
2126,30.0,60.0
2127,30.0,62.0
2128,32.0,60.0
2129,34.0,60.0
2130,36.0,60.0
2131,36.0,60.0
2132,36.0,62.0
2133,36.0,62.0
2134,36.0,62.0
2135,36.0,62.0
2136,38.0,62.0
2137,38.0,62.0
2138,40.0,62.0
2139,38.0,62.0
2140,40.0,62.0
2141,40.0,64.0
2142,38.0,62.0
2143,38.0,62.0
2144,40.0,62.0
2145,42.0,62.0
2146,42.0,64.0
2147,40.0,62.0
2148,42.0,62.0
2149,42.0,62.0
2150,42.0,62.0
2151,42.0,62.0
2152,40.0,62.0
2153,38.0,62.0
2154,38.0,64.0
2155,38.0,64.0
2156,38.0,66.0
2157,38.0,66.0
2158,40.0,66.0
2159,40.0,66.0
2160,40.0,66.0
2161,42.0,68.0
2162,40.0,68.0
2163,38.0,70.0
2164,38.0,68.0
2165,36.0,68.0
2166,36.0,68.0
2167,36.0,68.0
2168,38.0,68.0
2169,38.0,68.0
2170,38.0,68.0
2171,38.0,68.0
2172,38.0,68.0
2173,38.0,70.0
2174,38.0,72.0
2175,36.0,70.0
2176,34.0,70.0
2177,36.0,68.0
2178,34.0,70.0
2179,34.0,70.0
2180,32.0,68.0
2181,30.0,66.0
2182,32.0,66.0
2183,34.0,64.0
2184,34.0,62.0
2185,36.0,62.0
2186,34.0,64.0
2187,34.0,64.0
2188,32.0,62.0
2189,34.0,64.0
2190,32.0,64.0
2191,32.0,62.0
2192,32.0,62.0
2193,32.0,62.0
2194,32.0,64.0
2195,32.0,64.0
2196,32.0,64.0
2197,34.0,64.0
2198,32.0,64.0
2199,34.0,64.0
2200,36.0,64.0
2201,38.0,64.0
2202,40.0,62.0
2203,40.0,64.0
2204,40.0,62.0
2205,40.0,60.0
2206,40.0,57.99999999999999
2207,40.0,57.99999999999999
2208,40.0,57.99999999999999
2209,40.0,57.99999999999999
2210,40.0,56.00000000000001
2211,38.0,54.0
2212,38.0,56.00000000000001
2213,38.0,54.0
2214,38.0,54.0
2215,38.0,54.0
2216,40.0,52.0
2217,40.0,52.0
2218,40.0,52.0
2219,40.0,50.0
2220,42.0,50.0
2221,42.0,48.0
2222,42.0,50.0
2223,42.0,48.0
2224,44.0,46.0
2225,44.0,48.0
2226,44.0,48.0
2227,44.0,50.0
2228,46.0,50.0
2229,44.0,48.0
2230,44.0,50.0
2231,46.0,50.0
2232,46.0,50.0
2233,44.0,50.0
2234,44.0,52.0
2235,42.0,50.0
2236,44.0,50.0
2237,44.0,48.0
2238,46.0,50.0
2239,44.0,48.0
2240,46.0,46.0
2241,46.0,48.0
2242,46.0,50.0
2243,46.0,50.0
2244,44.0,50.0
2245,42.0,48.0
2246,42.0,48.0
2247,40.0,50.0
2248,42.0,50.0
2249,42.0,48.0
2250,40.0,48.0
2251,38.0,50.0
2252,38.0,50.0
2253,38.0,50.0
2254,40.0,50.0
2255,40.0,52.0
2256,42.0,52.0
2257,42.0,52.0
2258,42.0,50.0
2259,40.0,50.0
2260,42.0,50.0
2261,44.0,52.0
2262,46.0,52.0
2263,46.0,52.0
2264,46.0,54.0
2265,48.0,56.00000000000001
2266,48.0,57.99999999999999
2267,50.0,57.99999999999999
2268,50.0,57.99999999999999
2269,50.0,60.0
2270,50.0,57.99999999999999
2271,48.0,60.0
2272,48.0,60.0
2273,48.0,62.0
2274,46.0,64.0
2275,48.0,62.0
2276,50.0,60.0
2277,48.0,60.0
2278,46.0,60.0
2279,46.0,60.0
2280,46.0,60.0
2281,46.0,62.0
2282,44.0,60.0
2283,46.0,62.0
2284,46.0,60.0
2285,48.0,62.0
2286,46.0,60.0
2287,46.0,62.0
2288,44.0,60.0
2289,44.0,62.0
2290,42.0,64.0
2291,44.0,64.0
2292,44.0,62.0
2293,44.0,62.0
2294,44.0,62.0
2295,44.0,64.0
2296,46.0,62.0
2297,46.0,62.0
2298,46.0,60.0
2299,46.0,62.0
2300,46.0,60.0
2301,46.0,60.0
2302,44.0,62.0
2303,44.0,60.0
2304,42.0,62.0
2305,42.0,62.0
2306,42.0,64.0
2307,42.0,64.0
2308,40.0,64.0
2309,42.0,62.0
2310,40.0,62.0
2311,40.0,62.0
2312,40.0,60.0
2313,40.0,60.0
2314,40.0,57.99999999999999
2315,40.0,56.00000000000001
2316,38.0,56.00000000000001
2317,36.0,54.0
2318,34.0,56.00000000000001
2319,34.0,54.0
2320,32.0,56.00000000000001
2321,32.0,56.00000000000001
2322,32.0,56.00000000000001
2323,34.0,54.0
2324,34.0,54.0
2325,34.0,56.00000000000001
2326,32.0,56.00000000000001
2327,32.0,56.00000000000001
2328,34.0,56.00000000000001
2329,34.0,56.00000000000001
2330,36.0,56.00000000000001
2331,34.0,56.00000000000001
2332,34.0,56.00000000000001
2333,32.0,56.00000000000001
2334,32.0,57.99999999999999
2335,32.0,56.00000000000001
2336,32.0,57.99999999999999
2337,32.0,57.99999999999999
2338,32.0,57.99999999999999
2339,32.0,56.00000000000001
2340,32.0,56.00000000000001
2341,32.0,56.00000000000001
2342,34.0,57.99999999999999
2343,34.0,56.00000000000001
2344,34.0,56.00000000000001
2345,36.0,54.0
2346,34.0,54.0
2347,34.0,54.0
2348,34.0,54.0
2349,32.0,52.0
2350,34.0,54.0
2351,36.0,52.0
2352,36.0,50.0
2353,36.0,50.0
2354,36.0,48.0
2355,34.0,46.0
2356,32.0,46.0
2357,32.0,46.0
2358,32.0,46.0
2359,32.0,46.0
2360,32.0,48.0
2361,30.0,46.0
2362,30.0,48.0
2363,30.0,50.0
2364,32.0,50.0
2365,32.0,50.0
2366,34.0,50.0
2367,34.0,52.0
2368,34.0,50.0
2369,34.0,52.0
2370,34.0,50.0
2371,36.0,48.0
2372,38.0,48.0
2373,38.0,48.0
2374,40.0,48.0
2375,38.0,48.0
2376,38.0,48.0
2377,38.0,46.0
2378,38.0,44.0
2379,40.0,44.0
2380,38.0,42.0
2381,38.0,42.0
2382,38.0,42.0
2383,38.0,42.0
2384,38.0,42.0
2385,36.0,44.0
2386,38.0,44.0
2387,36.0,42.0
2388,36.0,44.0
2389,36.0,46.0
2390,38.0,46.0
2391,36.0,44.0
2392,34.0,42.0
2393,34.0,44.0
2394,34.0,44.0
2395,34.0,46.0
2396,34.0,48.0
2397,34.0,46.0
2398,34.0,48.0
2399,36.0,50.0
2400,34.0,48.0
2401,34.0,48.0
2402,34.0,50.0
2403,34.0,50.0
2404,36.0,52.0
2405,38.0,54.0
2406,38.0,54.0
2407,40.0,54.0
2408,40.0,54.0
2409,40.0,54.0
2410,40.0,52.0
2411,40.0,52.0
2412,38.0,50.0
2413,38.0,48.0
2414,36.0,48.0
2415,36.0,48.0
2416,36.0,48.0
2417,36.0,48.0
2418,38.0,50.0
2419,38.0,48.0
2420,38.0,48.0
2421,36.0,48.0
